<?xml version="1.0" encoding="UTF-8"?>  
<configuration>  
    <include resource="org/springframework/boot/logging/logback/defaults.xml"/>  
    <include resource="org/springframework/boot/logging/logback/console-appender.xml"/>
    
    <!-- <property name="LOG_ROOT" value=""/> -->
    
    <!-- 默认的控制台日志输出，一般生产环境都是后台启动，这个没太大作用 -->
    <appender name="console" class="ch.qos.logback.core.ConsoleAppender">
        <!--<Encoding>UTF-8</Encoding>-->
        <layout class="ch.qos.logback.classic.PatternLayout">
            <pattern>%date [%thread] %-5level %logger{50}:%L - %msg%n</pattern>
        </layout>
    </appender>
    
    <appender name="FILE" class="ch.qos.logback.core.rolling.RollingFileAppender">
    	<encoder>
    		<pattern>${FILE_LOG_PATTERN}</pattern>
    		<!--格式化输出：%d表示日期，%thread表示线程名，%-5level：级别从左显示5个字符宽度%msg：日志消息，%n是换行符-->
    	</encoder>
    	<file>../log/web.log</file>
    	<rollingPolicy class="ch.qos.logback.core.rolling.TimeBasedRollingPolicy">
    		<fileNamePattern>../log/%d{yyyy-MM-dd}-web.log</fileNamePattern>
    		<!-- 与fileNamePattern接合使用时，表示每maxHistory时间的yyyy-MM-dd-HH-mm进行重新生成一个,如果不配制,就不会删除旧数据 -->
    		<maxHistory>365</maxHistory><!-- 这样配制表示只存1年内的 -->
    	</rollingPolicy>
    	<layout class="ch.qos.logback.classic.PatternLayout">
            <pattern>%date [%thread] %-5level %logger{50}:%L - %msg%n</pattern>
        </layout>
    </appender>
	
	<!-- 定义打印日志的级别 -->
	<logger name="org.springframework" level="INFO" />
	<logger name="org.springframework" level="INFO" />
    <logger name="org.mybatis" level="debug" />
	
    <root level="INFO">
    	<appender-ref ref="console" />
    	<appender-ref ref="FILE" />
    </root>
</configuration> 